tx_datetime,is_turnpt,close,duration,prc_diff
2011-01-03,,9020.0,1,-42.0
2011-01-04,,8978.0,1,-140.0
2011-01-05,1.0,8838.0,1,31.0
2011-01-06,-1.0,8869.0,1,-116.0
2011-01-07,1.0,8753.0,3,33.0
2011-01-10,,8786.0,1,156.0
2011-01-11,,8942.0,1,25.0
2011-01-12,,8967.0,1,2.0
2011-01-13,,8969.0,1,1.0
2011-01-14,-1.0,8970.0,3,-48.0
2011-01-17,1.0,8922.0,1,50.0
2011-01-18,,8972.0,1,77.0
2011-01-19,,9049.0,0,0.0
2011-01-20,,9009.0,1,-102.0
2011-01-21,1.0,8907.0,3,40.0
2011-01-24,,8947.0,1,19.0
2011-01-25,,8966.0,1,86.0
2011-01-26,,9052.0,1,53.0
2011-01-27,,9105.0,1,33.0
2011-01-28,-1.0,9138.0,11,-39.0
2011-02-08,,9099.0,1,-83.0
2011-02-09,,9016.0,1,-192.0
2011-02-10,,8824.0,1,-261.0
2011-02-11,1.0,8563.0,3,78.0
2011-02-14,,8641.0,1,55.0
2011-02-15,-1.0,8696.0,1,-72.0
2011-02-16,,8624.0,0,0.0
2011-02-17,,8629.0,1,179.0
2011-02-18,,8808.0,3,1.0
2011-02-21,-1.0,8809.0,1,-193.0
2011-02-22,,8616.0,1,-94.0
2011-02-23,1.0,8522.0,1,9.0
2011-02-24,,8531.0,1,84.0
2011-02-25,,8615.0,4,76.0
2011-03-01,-1.0,8691.0,1,-89.0
2011-03-02,1.0,8602.0,1,146.0
2011-03-03,,8748.0,1,10.0
2011-03-04,-1.0,8758.0,3,-35.0
2011-03-07,1.0,8723.0,1,17.0
2011-03-08,,8740.0,1,17.0
2011-03-09,-1.0,8757.0,1,-135.0
2011-03-10,,8622.0,1,-60.0
2011-03-11,,8562.0,3,-62.0
2011-03-14,,8500.0,1,-243.0
2011-03-15,1.0,8257.0,1,30.0
2011-03-16,,8287.0,0,0.0
2011-03-17,,8255.0,1,64.0
2011-03-18,,8319.0,3,71.0
2011-03-21,,8390.0,1,25.0
2011-03-22,,8415.0,1,33.0
2011-03-23,,8448.0,1,79.0
2011-03-24,,8527.0,1,52.0
2011-03-25,-1.0,8579.0,3,-59.0
2011-03-28,1.0,8520.0,1,55.0
2011-03-29,,8575.0,1,15.0
2011-03-30,,8590.0,1,52.0
2011-03-31,,8642.0,1,44.0
2011-04-01,,8686.0,5,152.0
2011-04-06,,8838.0,1,59.0
2011-04-07,-1.0,8897.0,1,-31.0
2011-04-08,,8866.0,3,-7.0
2011-04-11,,8859.0,1,-154.0
2011-04-12,1.0,8705.0,1,101.0
2011-04-13,-1.0,8806.0,1,-7.0
2011-04-14,,8799.0,1,-95.0
2011-04-15,1.0,8704.0,3,6.0
2011-04-18,-1.0,8710.0,1,-83.0
2011-04-19,1.0,8627.0,1,182.0
2011-04-20,,8809.0,0,0.0
2011-04-21,,8993.0,1,-1.0
2011-04-22,,8992.0,3,-17.0
2011-04-25,,8975.0,1,-5.0
2011-04-26,1.0,8970.0,1,90.0
2011-04-27,-1.0,9060.0,1,-50.0
2011-04-28,1.0,9010.0,1,17.0
2011-04-29,-1.0,9027.0,4,-101.0
2011-05-03,1.0,8926.0,1,11.0
2011-05-04,,8937.0,1,113.0
2011-05-05,-1.0,9050.0,1,-32.0
2011-05-06,1.0,9018.0,3,45.0
2011-05-09,-1.0,9063.0,1,-17.0
2011-05-10,,9046.0,1,-26.0
2011-05-11,1.0,9020.0,1,10.0
2011-05-12,,9030.0,1,4.0
2011-05-13,-1.0,9034.0,3,-112.0
2011-05-16,,8922.0,1,-8.0
2011-05-17,1.0,8914.0,1,49.0
2011-05-18,,8963.0,0,0.0
2011-05-19,,8840.0,1,-23.0
2011-05-20,,8817.0,3,-79.0
2011-05-23,1.0,8738.0,1,24.0
2011-05-24,-1.0,8762.0,1,-84.0
2011-05-25,1.0,8678.0,1,109.0
2011-05-26,-1.0,8787.0,1,-5.0
2011-05-27,1.0,8782.0,3,38.0
2011-05-30,,8820.0,1,201.0
2011-05-31,,9021.0,1,71.0
2011-06-01,-1.0,9092.0,1,-65.0
2011-06-02,1.0,9027.0,1,43.0
2011-06-03,,9070.0,4,25.0
2011-06-07,-1.0,9095.0,1,-64.0
2011-06-08,1.0,9031.0,1,0.0
2011-06-09,-1.0,9031.0,1,-202.0
2011-06-10,,8829.0,3,-85.0
2011-06-13,1.0,8744.0,1,102.0
2011-06-14,-1.0,8846.0,1,-218.0
2011-06-15,,8628.0,0,0.0
2011-06-16,,8493.0,1,-32.0
2011-06-17,,8461.0,3,-60.0
2011-06-20,1.0,8401.0,1,64.0
2011-06-21,-1.0,8465.0,1,-24.0
2011-06-22,,8441.0,1,-46.0
2011-06-23,1.0,8395.0,1,16.0
2011-06-24,-1.0,8411.0,3,-74.0
2011-06-27,,8337.0,1,-29.0
2011-06-28,1.0,8308.0,1,163.0
2011-06-29,,8471.0,1,32.0
2011-06-30,,8503.0,1,63.0
2011-07-01,,8566.0,3,37.0
2011-07-04,,8603.0,1,25.0
2011-07-05,,8628.0,1,64.0
2011-07-06,-1.0,8692.0,1,-2.0
2011-07-07,,8690.0,1,-52.0
2011-07-08,,8638.0,3,-39.0
2011-07-11,,8599.0,1,-180.0
2011-07-12,1.0,8419.0,1,44.0
2011-07-13,,8463.0,1,19.0
2011-07-14,,8482.0,1,80.0
2011-07-15,-1.0,8562.0,3,-75.0
2011-07-18,1.0,8487.0,1,48.0
2011-07-19,,8535.0,1,100.0
2011-07-20,,8635.0,0,0.0
2011-07-21,,8652.0,1,39.0
2011-07-22,-1.0,8691.0,3,-83.0
2011-07-25,1.0,8608.0,1,130.0
2011-07-26,,8738.0,1,24.0
2011-07-27,-1.0,8762.0,1,-34.0
2011-07-28,,8728.0,1,-115.0
2011-07-29,1.0,8613.0,3,68.0
2011-08-01,-1.0,8681.0,1,-107.0
2011-08-02,,8574.0,1,-135.0
2011-08-03,,8439.0,1,-145.0
2011-08-04,,8294.0,1,-528.0
2011-08-05,,7766.0,3,-211.0
2011-08-08,,7555.0,1,-22.0
2011-08-09,1.0,7533.0,1,129.0
2011-08-10,,7662.0,1,37.0
2011-08-11,-1.0,7699.0,1,-110.0
2011-08-12,1.0,7589.0,3,228.0
2011-08-15,-1.0,7817.0,1,-44.0
2011-08-16,,7773.0,1,-130.0
2011-08-17,,7643.0,0,0.0
2011-08-18,,7500.0,1,-305.0
2011-08-19,1.0,7195.0,3,57.0
2011-08-22,,7252.0,1,257.0
2011-08-23,-1.0,7509.0,1,-86.0
2011-08-24,,7423.0,1,-57.0
2011-08-25,1.0,7366.0,1,81.0
2011-08-26,,7447.0,3,78.0
2011-08-29,,7525.0,1,78.0
2011-08-30,,7603.0,1,104.0
2011-08-31,-1.0,7707.0,1,-7.0
2011-09-01,1.0,7700.0,1,10.0
2011-09-02,-1.0,7710.0,3,-230.0
2011-09-05,,7480.0,1,-140.0
2011-09-06,1.0,7340.0,1,196.0
2011-09-07,,7536.0,1,14.0
2011-09-08,,7550.0,1,52.0
2011-09-09,-1.0,7602.0,4,-232.0
2011-09-13,,7370.0,1,-177.0
2011-09-14,1.0,7193.0,1,214.0
2011-09-15,,7407.0,1,210.0
2011-09-16,-1.0,7617.0,3,-139.0
2011-09-19,1.0,7478.0,1,6.0
2011-09-20,,7484.0,1,47.0
2011-09-21,,7531.0,0,0.0
2011-09-22,,7276.0,1,-222.0
2011-09-23,,7054.0,3,-173.0
2011-09-26,1.0,6881.0,1,254.0
2011-09-27,-1.0,7135.0,1,-35.0
2011-09-28,1.0,7100.0,1,82.0
2011-09-29,-1.0,7182.0,1,0.0
2011-09-30,,7182.0,3,-167.0
2011-10-03,1.0,7015.0,1,79.0
2011-10-04,-1.0,7094.0,1,-104.0
2011-10-05,1.0,6990.0,1,132.0
2011-10-06,,7122.0,1,69.0
2011-10-07,,7191.0,4,216.0
2011-10-11,-1.0,7407.0,1,-19.0
2011-10-12,1.0,7388.0,1,2.0
2011-10-13,-1.0,7390.0,1,-13.0
2011-10-14,1.0,7377.0,3,76.0
2011-10-17,-1.0,7453.0,1,-116.0
2011-10-18,1.0,7337.0,1,0.0
2011-10-19,,7337.0,0,0.0
2011-10-20,,7213.0,1,45.0
2011-10-21,,7258.0,3,236.0
2011-10-24,-1.0,7494.0,1,-24.0
2011-10-25,1.0,7470.0,1,77.0
2011-10-26,,7547.0,1,43.0
2011-10-27,,7590.0,1,38.0
2011-10-28,-1.0,7628.0,3,-67.0
2011-10-31,1.0,7561.0,1,76.0
2011-11-01,-1.0,7637.0,1,-28.0
2011-11-02,,7609.0,1,-164.0
2011-11-03,1.0,7445.0,1,185.0
2011-11-04,,7630.0,3,5.0
2011-11-07,-1.0,7635.0,1,-45.0
2011-11-08,1.0,7590.0,1,24.0
2011-11-09,-1.0,7614.0,1,-296.0
2011-11-10,1.0,7318.0,1,38.0
2011-11-11,,7356.0,3,185.0
2011-11-14,-1.0,7541.0,1,-40.0
2011-11-15,,7501.0,1,-151.0
2011-11-16,,7350.0,0,0.0
2011-11-17,,7404.0,1,-152.0
2011-11-18,,7252.0,3,-202.0
2011-11-21,,7050.0,1,-27.0
2011-11-22,,7023.0,1,-205.0
2011-11-23,1.0,6818.0,1,14.0
2011-11-24,-1.0,6832.0,1,-75.0
2011-11-25,1.0,6757.0,3,163.0
2011-11-28,,6920.0,1,55.0
2011-11-29,-1.0,6975.0,1,-72.0
2011-11-30,1.0,6903.0,1,307.0
2011-12-01,-1.0,7210.0,1,-55.0
2011-12-02,,7155.0,3,-22.0
2011-12-05,,7133.0,1,-148.0
2011-12-06,1.0,6985.0,1,69.0
2011-12-07,-1.0,7054.0,1,-93.0
2011-12-08,,6961.0,1,-77.0
2011-12-09,1.0,6884.0,3,59.0
2011-12-12,-1.0,6943.0,1,-46.0
2011-12-13,1.0,6897.0,1,22.0
2011-12-14,-1.0,6919.0,1,-168.0
2011-12-15,1.0,6751.0,1,24.0
2011-12-16,-1.0,6775.0,3,-138.0
2011-12-19,1.0,6637.0,1,34.0
2011-12-20,,6671.0,1,289.0
2011-12-21,,6960.0,0,0.0
2011-12-22,,6954.0,1,153.0
2011-12-23,-1.0,7107.0,3,-4.0
2011-12-26,,7103.0,1,-15.0
2011-12-27,,7088.0,1,-36.0
2011-12-28,1.0,7052.0,1,21.0
2011-12-29,-1.0,7073.0,1,-33.0
2011-12-30,,7040.0,3,-91.0
2012-01-02,1.0,6949.0,1,100.0
2012-01-03,,7049.0,1,24.0
2012-01-04,,7073.0,1,46.0
2012-01-05,-1.0,7119.0,1,-34.0
2012-01-06,,7085.0,3,-30.0
2012-01-09,1.0,7055.0,1,117.0
2012-01-10,,7172.0,1,7.0
2012-01-11,,7179.0,1,6.0
2012-01-12,-1.0,7185.0,1,-20.0
2012-01-13,,7165.0,3,-72.0
2012-01-16,1.0,7093.0,1,134.0
2012-01-17,-1.0,7227.0,1,-27.0
2012-01-18,,7200.0,0,0.0
2012-01-30,,7390.0,1,77.0
2012-01-31,,7467.0,1,55.0
2012-02-01,,7522.0,1,120.0
2012-02-02,-1.0,7642.0,1,0.0
2012-02-03,1.0,7642.0,1,93.0
2012-02-04,-1.0,7735.0,2,-50.0
2012-02-06,1.0,7685.0,1,37.0
2012-02-07,,7722.0,1,168.0
2012-02-08,,7890.0,1,33.0
2012-02-09,-1.0,7923.0,1,-57.0
2012-02-10,1.0,7866.0,3,41.0
2012-02-13,-1.0,7907.0,1,-33.0
2012-02-14,1.0,7874.0,1,142.0
2012-02-15,,8016.0,0,0.0
2012-02-16,,7906.0,1,26.0
2012-02-17,,7932.0,3,24.0
2012-02-20,-1.0,7956.0,1,-9.0
2012-02-21,1.0,7947.0,1,57.0
2012-02-22,-1.0,8004.0,1,-41.0
2012-02-23,,7963.0,1,-22.0
2012-02-24,1.0,7941.0,5,173.0
2012-02-29,,8114.0,1,24.0
2012-03-01,,8138.0,1,14.0
2012-03-02,-1.0,8152.0,1,-32.0
2012-03-03,,8120.0,2,-80.0
2012-03-05,,8040.0,1,-94.0
2012-03-06,,7946.0,1,-51.0
2012-03-07,1.0,7895.0,1,81.0
2012-03-08,,7976.0,1,29.0
2012-03-09,-1.0,8005.0,3,-84.0
2012-03-12,1.0,7921.0,1,112.0
2012-03-13,,8033.0,1,109.0
2012-03-14,-1.0,8142.0,1,-8.0
2012-03-15,,8134.0,1,-70.0
2012-03-16,,8064.0,3,-11.0
2012-03-19,,8053.0,1,-69.0
2012-03-20,,7984.0,1,-11.0
2012-03-21,,7973.0,0,0.0
2012-03-22,,8084.0,1,-4.0
2012-03-23,,8080.0,3,-122.0
2012-03-26,1.0,7958.0,1,52.0
2012-03-27,,8010.0,1,20.0
2012-03-28,-1.0,8030.0,1,-185.0
2012-03-29,1.0,7845.0,1,38.0
2012-03-30,-1.0,7883.0,3,-17.0
2012-04-02,,7866.0,1,-86.0
2012-04-03,,7780.0,2,-162.0
2012-04-05,1.0,7618.0,1,55.0
2012-04-06,-1.0,7673.0,3,-96.0
2012-04-09,1.0,7577.0,1,32.0
2012-04-10,,7609.0,1,32.0
2012-04-11,-1.0,7641.0,1,-5.0
2012-04-12,1.0,7636.0,1,120.0
2012-04-13,-1.0,7756.0,3,-44.0
2012-04-16,,7712.0,1,-120.0
2012-04-17,1.0,7592.0,1,4.0
2012-04-18,,7596.0,0,0.0
2012-04-19,,7614.0,1,-99.0
2012-04-20,,7515.0,3,-36.0
2012-04-23,1.0,7479.0,1,9.0
2012-04-24,,7488.0,1,51.0
2012-04-25,-1.0,7539.0,1,-46.0
2012-04-26,,7493.0,1,-47.0
2012-04-27,1.0,7446.0,3,18.0
2012-04-30,,7464.0,2,214.0
2012-05-02,-1.0,7678.0,1,-21.0
2012-05-03,1.0,7657.0,1,5.0
2012-05-04,-1.0,7662.0,3,-162.0
2012-05-07,1.0,7500.0,1,23.0
2012-05-08,-1.0,7523.0,1,-63.0
2012-05-09,1.0,7460.0,1,22.0
2012-05-10,-1.0,7482.0,1,-115.0
2012-05-11,1.0,7367.0,3,2.0
2012-05-14,,7369.0,1,16.0
2012-05-15,-1.0,7385.0,1,-141.0
2012-05-16,,7244.0,0,0.0
2012-05-17,,7316.0,1,-185.0
2012-05-18,1.0,7131.0,3,57.0
2012-05-21,,7188.0,1,49.0
2012-05-22,-1.0,7237.0,1,-100.0
2012-05-23,,7137.0,1,-6.0
2012-05-24,,7131.0,1,-75.0
2012-05-25,1.0,7056.0,3,60.0
2012-05-28,,7116.0,1,176.0
2012-05-29,-1.0,7292.0,1,-58.0
2012-05-30,,7234.0,1,-18.0
2012-05-31,,7216.0,1,-116.0
2012-06-01,,7100.0,3,-234.0
2012-06-04,1.0,6866.0,1,107.0
2012-06-05,,6973.0,1,40.0
2012-06-06,,7013.0,1,32.0
2012-06-07,-1.0,7045.0,1,-92.0
2012-06-08,1.0,6953.0,3,140.0
2012-06-11,-1.0,7093.0,1,-74.0
2012-06-12,1.0,7019.0,1,31.0
2012-06-13,,7050.0,1,17.0
2012-06-14,,7067.0,1,91.0
2012-06-15,,7158.0,3,106.0
2012-06-18,,7264.0,1,3.0
2012-06-19,-1.0,7267.0,1,-101.0
2012-06-20,,7166.0,0,0.0
2012-06-21,,7116.0,1,-78.0
2012-06-22,,7038.0,3,-90.0
2012-06-25,,6948.0,1,-9.0
2012-06-26,1.0,6939.0,1,47.0
2012-06-27,,6986.0,1,13.0
2012-06-28,,6999.0,1,115.0
2012-06-29,,7114.0,3,21.0
2012-07-02,,7135.0,1,93.0
2012-07-03,,7228.0,1,62.0
2012-07-04,,7290.0,1,8.0
2012-07-05,-1.0,7298.0,1,-25.0
2012-07-06,,7273.0,3,-37.0
2012-07-09,,7236.0,1,-57.0
2012-07-10,1.0,7179.0,1,7.0
2012-07-11,-1.0,7186.0,1,-110.0
2012-07-12,,7076.0,1,-5.0
2012-07-13,,7071.0,3,-15.0
2012-07-16,1.0,7056.0,1,54.0
2012-07-17,-1.0,7110.0,1,-225.0
2012-07-18,,6885.0,0,0.0
2012-07-19,,7025.0,1,-13.0
2012-07-20,,7012.0,3,-138.0
2012-07-23,,6874.0,1,-1.0
2012-07-24,,6873.0,1,-29.0
2012-07-25,1.0,6844.0,1,32.0
2012-07-26,,6876.0,1,155.0
2012-07-27,,7031.0,3,46.0
2012-07-30,,7077.0,1,79.0
2012-07-31,,7156.0,1,38.0
2012-08-01,-1.0,7194.0,2,-54.0
2012-08-03,1.0,7140.0,3,99.0
2012-08-06,-1.0,7239.0,1,-4.0
2012-08-07,1.0,7235.0,1,64.0
2012-08-08,,7299.0,1,142.0
2012-08-09,,7441.0,1,3.0
2012-08-10,,7444.0,3,10.0
2012-08-13,,7454.0,1,44.0
2012-08-14,-1.0,7498.0,1,-68.0
2012-08-15,,7430.0,0,0.0
2012-08-16,,7493.0,1,-21.0
2012-08-17,,7472.0,3,-31.0
2012-08-20,1.0,7441.0,1,75.0
2012-08-21,-1.0,7516.0,1,-25.0
2012-08-22,1.0,7491.0,1,23.0
2012-08-23,-1.0,7514.0,1,-26.0
2012-08-24,,7488.0,3,-34.0
2012-08-27,,7454.0,1,-54.0
2012-08-28,1.0,7400.0,1,3.0
2012-08-29,-1.0,7403.0,1,-36.0
2012-08-30,1.0,7367.0,1,16.0
2012-08-31,,7383.0,3,60.0
2012-09-03,,7443.0,1,6.0
2012-09-04,-1.0,7449.0,1,-108.0
2012-09-05,,7341.0,1,-9.0
2012-09-06,1.0,7332.0,1,88.0
2012-09-07,,7420.0,3,35.0
2012-09-10,,7455.0,1,11.0
2012-09-11,,7466.0,1,120.0
2012-09-12,-1.0,7586.0,1,-10.0
2012-09-13,1.0,7576.0,1,163.0
2012-09-14,,7739.0,3,14.0
2012-09-17,-1.0,7753.0,1,-3.0
2012-09-18,1.0,7750.0,1,41.0
2012-09-19,,7791.0,0,0.0
2012-09-20,,7749.0,1,13.0
2012-09-21,,7762.0,3,14.0
2012-09-24,-1.0,7776.0,1,-21.0
2012-09-25,,7755.0,1,-52.0
2012-09-26,1.0,7703.0,1,24.0
2012-09-27,-1.0,7727.0,1,-7.0
2012-09-28,,7720.0,3,-35.0
2012-10-01,1.0,7685.0,1,45.0
2012-10-02,-1.0,7730.0,1,-25.0
2012-10-03,1.0,7705.0,1,1.0
2012-10-04,-1.0,7706.0,1,-6.0
2012-10-05,,7700.0,3,-75.0
2012-10-08,,7625.0,1,-28.0
2012-10-09,,7597.0,2,-154.0
2012-10-11,,7443.0,1,-29.0
2012-10-12,1.0,7414.0,3,9.0
2012-10-15,,7423.0,1,35.0
2012-10-16,-1.0,7458.0,1,-26.0
2012-10-17,,7432.0,0,0.0
2012-10-18,,7452.0,1,-67.0
2012-10-19,,7385.0,3,-39.0
2012-10-22,,7346.0,1,-49.0
2012-10-23,1.0,7297.0,1,5.0
2012-10-24,-1.0,7302.0,1,-44.0
2012-10-25,,7258.0,1,-166.0
2012-10-26,1.0,7092.0,3,30.0
2012-10-29,,7122.0,1,39.0
2012-10-30,-1.0,7161.0,1,-21.0
2012-10-31,1.0,7140.0,1,32.0
2012-11-01,,7172.0,1,29.0
2012-11-02,-1.0,7201.0,3,-21.0
2012-11-05,1.0,7180.0,1,79.0
2012-11-06,-1.0,7259.0,1,-2.0
2012-11-07,,7257.0,1,-57.0
2012-11-08,1.0,7200.0,1,85.0
2012-11-09,-1.0,7285.0,3,-44.0
2012-11-12,,7241.0,1,-145.0
2012-11-13,1.0,7096.0,1,32.0
2012-11-14,-1.0,7128.0,1,-7.0
2012-11-15,,7121.0,1,-14.0
2012-11-16,1.0,7107.0,3,16.0
2012-11-19,,7123.0,1,37.0
2012-11-20,-1.0,7160.0,1,-114.0
2012-11-21,,7046.0,0,0.0
2012-11-22,,7089.0,1,233.0
2012-11-23,,7322.0,3,66.0
2012-11-26,,7388.0,1,36.0
2012-11-27,,7424.0,1,4.0
2012-11-28,,7428.0,1,97.0
2012-11-29,,7525.0,1,68.0
2012-11-30,,7593.0,3,6.0
2012-12-03,-1.0,7599.0,1,-5.0
2012-12-04,1.0,7594.0,1,59.0
2012-12-05,-1.0,7653.0,1,-13.0
2012-12-06,1.0,7640.0,1,20.0
2012-12-07,-1.0,7660.0,3,-37.0
2012-12-10,1.0,7623.0,1,15.0
2012-12-11,,7638.0,1,60.0
2012-12-12,,7698.0,1,74.0
2012-12-13,-1.0,7772.0,1,-69.0
2012-12-14,,7703.0,3,-51.0
2012-12-17,1.0,7652.0,1,3.0
2012-12-18,,7655.0,1,9.0
2012-12-19,,7664.0,0,0.0
2012-12-20,,7560.0,1,-69.0
2012-12-21,1.0,7491.0,1,34.0
2012-12-22,-1.0,7525.0,2,-7.0
2012-12-24,1.0,7518.0,1,156.0
2012-12-25,-1.0,7674.0,1,-40.0
2012-12-26,,7634.0,1,-5.0
2012-12-27,1.0,7629.0,1,46.0
2012-12-28,,7675.0,5,97.0
2013-01-02,,7772.0,1,51.0
2013-01-03,-1.0,7823.0,1,-49.0
2013-01-04,,7774.0,3,-32.0
2013-01-07,,7742.0,1,-37.0
2013-01-08,1.0,7705.0,1,35.0
2013-01-09,,7740.0,1,96.0
2013-01-10,-1.0,7836.0,1,-37.0
2013-01-11,1.0,7799.0,3,28.0
2013-01-14,-1.0,7827.0,1,-86.0
2013-01-15,,7741.0,1,-65.0
2013-01-16,,7676.0,0,0.0
2013-01-17,,7612.0,1,99.0
2013-01-18,-1.0,7711.0,3,-8.0
2013-01-21,1.0,7703.0,1,48.0
2013-01-22,-1.0,7751.0,1,-28.0
2013-01-23,,7723.0,1,-41.0
2013-01-24,,7682.0,1,-33.0
2013-01-25,1.0,7649.0,3,81.0
2013-01-28,,7730.0,1,89.0
2013-01-29,-1.0,7819.0,1,-19.0
2013-01-30,1.0,7800.0,1,48.0
2013-01-31,,7848.0,1,10.0
2013-02-01,,7858.0,3,82.0
2013-02-04,-1.0,7940.0,1,-35.0
2013-02-05,,7905.0,1,-5.0
2013-02-06,1.0,7900.0,12,35.0
2013-02-18,,7935.0,1,24.0
2013-02-19,,7959.0,1,51.0
2013-02-20,,8010.0,0,0.0
2013-02-21,,7949.0,1,2.0
2013-02-22,,7951.0,1,42.0
2013-02-23,-1.0,7993.0,2,-52.0
2013-02-25,,7941.0,1,-56.0
2013-02-26,,7885.0,1,-6.0
2013-02-27,1.0,7879.0,2,57.0
2013-03-01,-1.0,7936.0,3,-91.0
2013-03-04,1.0,7845.0,1,68.0
2013-03-05,,7913.0,1,34.0
2013-03-06,-1.0,7947.0,1,-9.0
2013-03-07,1.0,7938.0,1,70.0
2013-03-08,,8008.0,3,35.0
2013-03-11,-1.0,8043.0,1,-44.0
2013-03-12,,7999.0,1,-9.0
2013-03-13,,7990.0,1,-37.0
2013-03-14,,7953.0,1,-43.0
2013-03-15,,7910.0,3,-118.0
2013-03-18,1.0,7792.0,1,41.0
2013-03-19,-1.0,7833.0,1,-57.0
2013-03-20,,7776.0,0,0.0
2013-03-21,,7797.0,1,-21.0
2013-03-22,1.0,7776.0,3,75.0
2013-03-25,-1.0,7851.0,1,-15.0
2013-03-26,1.0,7836.0,1,24.0
2013-03-27,-1.0,7860.0,1,-18.0
2013-03-28,1.0,7842.0,1,81.0
2013-03-29,-1.0,7923.0,3,-3.0
2013-04-01,,7920.0,1,-15.0
2013-04-02,1.0,7905.0,1,29.0
2013-04-03,-1.0,7934.0,5,-195.0
2013-04-08,,7739.0,1,-30.0
2013-04-09,1.0,7709.0,1,19.0
2013-04-10,,7728.0,1,90.0
2013-04-11,-1.0,7818.0,1,-34.0
2013-04-12,,7784.0,3,-21.0
2013-04-15,1.0,7763.0,1,17.0
2013-04-16,-1.0,7780.0,1,-25.0
2013-04-17,,7755.0,0,0.0
2013-04-18,,7751.0,1,193.0
2013-04-19,,7944.0,3,9.0
2013-04-22,-1.0,7953.0,1,-25.0
2013-04-23,1.0,7928.0,1,63.0
2013-04-24,,7991.0,1,13.0
2013-04-25,-1.0,8004.0,1,-6.0
2013-04-26,1.0,7998.0,3,25.0
2013-04-29,,8023.0,1,75.0
2013-04-30,,8098.0,2,22.0
2013-05-02,,8120.0,1,20.0
2013-05-03,,8140.0,3,29.0
2013-05-06,,8169.0,1,4.0
2013-05-07,,8173.0,1,95.0
2013-05-08,,8268.0,1,45.0
2013-05-09,-1.0,8313.0,1,-1.0
2013-05-10,,8312.0,3,-52.0
2013-05-13,1.0,8260.0,1,14.0
2013-05-14,,8274.0,1,34.0
2013-05-15,,8308.0,0,0.0
2013-05-16,,8423.0,1,-20.0
2013-05-17,,8403.0,3,-17.0
2013-05-20,1.0,8386.0,1,4.0
2013-05-21,,8390.0,1,4.0
2013-05-22,-1.0,8394.0,1,-181.0
2013-05-23,1.0,8213.0,1,9.0
2013-05-24,,8222.0,3,34.0
2013-05-27,,8256.0,1,2.0
2013-05-28,,8258.0,1,54.0
2013-05-29,-1.0,8312.0,1,-81.0
2013-05-30,1.0,8231.0,1,11.0
2013-05-31,-1.0,8242.0,3,-49.0
2013-06-03,,8193.0,1,-31.0
2013-06-04,,8162.0,1,-17.0
2013-06-05,,8145.0,1,-42.0
2013-06-06,,8103.0,1,-16.0
2013-06-07,1.0,8087.0,3,60.0
2013-06-10,-1.0,8147.0,1,-19.0
2013-06-11,,8128.0,2,-195.0
2013-06-13,,7933.0,1,-13.0
2013-06-14,1.0,7920.0,3,53.0
2013-06-17,,7973.0,1,21.0
2013-06-18,-1.0,7994.0,1,-108.0
2013-06-19,,7886.0,0,0.0
2013-06-20,,7748.0,1,-90.0
2013-06-21,,7658.0,3,-28.0
2013-06-24,,7630.0,1,-24.0
2013-06-25,1.0,7606.0,1,31.0
2013-06-26,,7637.0,1,76.0
2013-06-27,,7713.0,1,115.0
2013-06-28,,7828.0,3,75.0
2013-07-01,,7903.0,1,3.0
2013-07-02,-1.0,7906.0,1,-95.0
2013-07-03,1.0,7811.0,1,33.0
2013-07-04,,7844.0,1,121.0
2013-07-05,-1.0,7965.0,3,-135.0
2013-07-08,1.0,7830.0,1,94.0
2013-07-09,,7924.0,1,37.0
2013-07-10,,7961.0,1,202.0
2013-07-11,,8163.0,1,13.0
2013-07-12,,8176.0,3,40.0
2013-07-15,,8216.0,1,14.0
2013-07-16,-1.0,8230.0,1,-89.0
2013-07-17,,8141.0,0,0.0
2013-07-18,,8096.0,1,-141.0
2013-07-19,1.0,7955.0,3,67.0
2013-07-22,,8022.0,1,112.0
2013-07-23,-1.0,8134.0,1,-8.0
2013-07-24,,8126.0,1,-19.0
2013-07-25,,8107.0,1,-7.0
2013-07-26,,8100.0,3,-65.0
2013-07-29,1.0,8035.0,1,95.0
2013-07-30,-1.0,8130.0,1,-81.0
2013-07-31,,8049.0,1,-4.0
2013-08-01,1.0,8045.0,1,15.0
2013-08-02,,8060.0,3,38.0
2013-08-05,-1.0,8098.0,1,-107.0
2013-08-06,,7991.0,1,-146.0
2013-08-07,1.0,7845.0,1,1.0
2013-08-08,-1.0,7846.0,1,-21.0
2013-08-09,1.0,7825.0,3,35.0
2013-08-12,,7860.0,1,94.0
2013-08-13,-1.0,7954.0,1,-26.0
2013-08-14,,7928.0,1,-67.0
2013-08-15,1.0,7861.0,1,55.0
2013-08-16,-1.0,7916.0,3,-29.0
2013-08-19,,7887.0,1,-82.0
2013-08-20,,7805.0,2,-105.0
2013-08-22,,7700.0,0,0.0
2013-08-23,,7786.0,3,38.0
2013-08-26,-1.0,7824.0,1,-67.0
2013-08-27,1.0,7757.0,1,23.0
2013-08-28,,7780.0,1,116.0
2013-08-29,,7896.0,1,73.0
2013-08-30,,7969.0,3,49.0
2013-09-02,,8018.0,1,34.0
2013-09-03,,8052.0,1,19.0
2013-09-04,,8071.0,1,59.0
2013-09-05,,8130.0,1,9.0
2013-09-06,,8139.0,3,20.0
2013-09-09,,8159.0,1,12.0
2013-09-10,,8171.0,1,20.0
2013-09-11,,8191.0,1,3.0
2013-09-12,-1.0,8194.0,1,-48.0
2013-09-13,1.0,8146.0,1,16.0
2013-09-14,,8162.0,2,87.0
2013-09-16,-1.0,8249.0,1,-9.0
2013-09-17,,8240.0,1,-62.0
2013-09-18,,8178.0,0,0.0
2013-09-23,,8256.0,1,12.0
2013-09-24,-1.0,8268.0,1,-35.0
2013-09-25,,8233.0,1,-50.0
2013-09-26,1.0,8183.0,1,0.0
2013-09-27,-1.0,8183.0,3,-63.0
2013-09-30,1.0,8120.0,1,30.0
2013-10-01,,8150.0,1,7.0
2013-10-02,,8157.0,1,221.0
2013-10-03,-1.0,8378.0,1,-12.0
2013-10-04,,8366.0,3,-40.0
2013-10-07,1.0,8326.0,1,48.0
2013-10-08,-1.0,8374.0,1,-39.0
2013-10-09,1.0,8335.0,2,26.0
2013-10-11,-1.0,8361.0,3,-67.0
2013-10-14,1.0,8294.0,1,60.0
2013-10-15,-1.0,8354.0,1,-20.0
2013-10-16,,8334.0,0,0.0
2013-10-17,,8363.0,1,53.0
2013-10-18,-1.0,8416.0,3,-15.0
2013-10-21,1.0,8401.0,1,13.0
2013-10-22,-1.0,8414.0,1,-53.0
2013-10-23,1.0,8361.0,1,30.0
2013-10-24,-1.0,8391.0,1,-69.0
2013-10-25,1.0,8322.0,3,66.0
2013-10-28,,8388.0,1,22.0
2013-10-29,,8410.0,1,31.0
2013-10-30,-1.0,8441.0,1,-14.0
2013-10-31,,8427.0,1,-34.0
2013-11-01,,8393.0,3,-54.0
2013-11-04,,8339.0,1,-71.0
2013-11-05,1.0,8268.0,1,1.0
2013-11-06,-1.0,8269.0,1,-12.0
2013-11-07,,8257.0,1,-33.0
2013-11-08,,8224.0,3,-29.0
2013-11-11,1.0,8195.0,1,21.0
2013-11-12,-1.0,8216.0,1,-109.0
2013-11-13,1.0,8107.0,1,17.0
2013-11-14,,8124.0,1,35.0
2013-11-15,,8159.0,3,30.0
2013-11-18,,8189.0,1,60.0
2013-11-19,-1.0,8249.0,1,-42.0
2013-11-20,,8207.0,0,0.0
2013-11-21,,8078.0,1,8.0
2013-11-22,,8086.0,3,109.0
2013-11-25,,8195.0,1,54.0
2013-11-26,,8249.0,1,50.0
2013-11-27,,8299.0,1,79.0
2013-11-28,,8378.0,1,49.0
2013-11-29,-1.0,8427.0,3,-14.0
2013-12-02,,8413.0,1,-4.0
2013-12-03,1.0,8409.0,1,27.0
2013-12-04,-1.0,8436.0,1,-57.0
2013-12-05,1.0,8379.0,1,5.0
2013-12-06,,8384.0,3,72.0
2013-12-09,-1.0,8456.0,1,-1.0
2013-12-10,,8455.0,1,-23.0
2013-12-11,,8432.0,1,-40.0
2013-12-12,1.0,8392.0,1,5.0
2013-12-13,-1.0,8397.0,3,-61.0
2013-12-16,1.0,8336.0,1,26.0
2013-12-17,-1.0,8362.0,1,-30.0
2013-12-18,,8332.0,0,0.0
2013-12-19,,8392.0,1,23.0
2013-12-20,,8415.0,3,60.0
2013-12-23,,8475.0,1,8.0
2013-12-24,,8483.0,1,17.0
2013-12-25,,8500.0,1,1.0
2013-12-26,,8501.0,1,42.0
2013-12-27,,8543.0,3,82.0
2013-12-30,,8625.0,1,8.0
2013-12-31,-1.0,8633.0,2,-15.0
2014-01-02,,8618.0,1,-77.0
2014-01-03,,8541.0,3,-13.0
2014-01-06,1.0,8528.0,1,23.0
2014-01-07,,8551.0,1,35.0
2014-01-08,-1.0,8586.0,1,-58.0
2014-01-09,1.0,8528.0,1,11.0
2014-01-10,,8539.0,3,33.0
2014-01-13,-1.0,8572.0,1,-25.0
2014-01-14,1.0,8547.0,1,63.0
2014-01-15,,8610.0,0,0.0
2014-01-16,,8618.0,1,-12.0
2014-01-17,1.0,8606.0,3,16.0
2014-01-20,,8622.0,1,1.0
2014-01-21,,8623.0,1,12.0
2014-01-22,-1.0,8635.0,1,-39.0
2014-01-23,1.0,8596.0,1,23.0
2014-01-24,-1.0,8619.0,3,-173.0
2014-01-27,,8446.0,9,-203.0
2014-02-05,1.0,8243.0,1,32.0
2014-02-06,,8275.0,1,64.0
2014-02-07,,8339.0,3,16.0
2014-02-10,,8355.0,1,59.0
2014-02-11,,8414.0,1,67.0
2014-02-12,-1.0,8481.0,1,-38.0
2014-02-13,1.0,8443.0,1,65.0
2014-02-14,,8508.0,3,20.0
2014-02-17,,8528.0,1,34.0
2014-02-18,-1.0,8562.0,1,-15.0
2014-02-19,,8547.0,0,0.0
2014-02-20,,8483.0,1,104.0
2014-02-21,-1.0,8587.0,3,-38.0
2014-02-24,1.0,8549.0,1,24.0
2014-02-25,,8573.0,1,35.0
2014-02-26,,8608.0,1,16.0
2014-02-27,-1.0,8624.0,4,-58.0
2014-03-03,,8566.0,1,-13.0
2014-03-04,1.0,8553.0,1,66.0
2014-03-05,,8619.0,1,76.0
2014-03-06,,8695.0,1,10.0
2014-03-07,-1.0,8705.0,3,-28.0
2014-03-10,1.0,8677.0,1,38.0
2014-03-11,-1.0,8715.0,1,-53.0
2014-03-12,1.0,8662.0,1,78.0
2014-03-13,-1.0,8740.0,1,-47.0
2014-03-14,1.0,8693.0,3,8.0
2014-03-17,,8701.0,1,26.0
2014-03-18,-1.0,8727.0,1,-31.0
2014-03-19,,8696.0,0,0.0
2014-03-20,,8568.0,1,7.0
2014-03-21,,8575.0,3,26.0
2014-03-24,,8601.0,1,58.0
2014-03-25,,8659.0,1,52.0
2014-03-26,,8711.0,1,43.0
2014-03-27,-1.0,8754.0,1,-19.0
2014-03-28,1.0,8735.0,3,54.0
2014-03-31,,8789.0,1,40.0
2014-04-01,,8829.0,1,26.0
2014-04-02,,8855.0,1,13.0
2014-04-03,-1.0,8868.0,4,-10.0
2014-04-07,1.0,8858.0,1,21.0
2014-04-08,,8879.0,1,17.0
2014-04-09,,8896.0,1,11.0
2014-04-10,-1.0,8907.0,1,-37.0
2014-04-11,,8870.0,3,-12.0
2014-04-14,1.0,8858.0,1,38.0
2014-04-15,-1.0,8896.0,1,-23.0
2014-04-16,,8873.0,0,0.0
2014-04-17,,8897.0,1,21.0
2014-04-18,,8918.0,3,5.0
2014-04-21,,8923.0,1,27.0
2014-04-22,-1.0,8950.0,1,-28.0
2014-04-23,1.0,8922.0,1,15.0
2014-04-24,-1.0,8937.0,1,-187.0
2014-04-25,1.0,8750.0,3,69.0
2014-04-28,,8819.0,1,21.0
2014-04-29,-1.0,8840.0,1,-82.0
2014-04-30,1.0,8758.0,2,83.0
2014-05-02,-1.0,8841.0,3,-14.0
2014-05-05,1.0,8827.0,1,58.0
2014-05-06,-1.0,8885.0,1,-45.0
2014-05-07,1.0,8840.0,1,41.0
2014-05-08,-1.0,8881.0,1,-39.0
2014-05-09,,8842.0,3,-21.0
2014-05-12,1.0,8821.0,1,9.0
2014-05-13,,8830.0,1,52.0
2014-05-14,-1.0,8882.0,1,-5.0
2014-05-15,,8877.0,1,-1.0
2014-05-16,1.0,8876.0,3,12.0
2014-05-19,,8888.0,1,9.0
2014-05-20,-1.0,8897.0,1,-54.0
2014-05-21,,8843.0,0,0.0
2014-05-22,,8959.0,1,54.0
2014-05-23,,9013.0,3,28.0
2014-05-26,,9041.0,1,15.0
2014-05-27,,9056.0,1,80.0
2014-05-28,-1.0,9136.0,1,-20.0
2014-05-29,,9116.0,1,-25.0
2014-05-30,1.0,9091.0,4,13.0
2014-06-03,-1.0,9104.0,1,-2.0
2014-06-04,1.0,9102.0,1,16.0
2014-06-05,,9118.0,1,7.0
2014-06-06,,9125.0,3,21.0
2014-06-09,,9146.0,1,39.0
2014-06-10,,9185.0,1,26.0
2014-06-11,-1.0,9211.0,1,-7.0
2014-06-12,,9204.0,1,-6.0
2014-06-13,1.0,9198.0,3,2.0
2014-06-16,,9200.0,1,41.0
2014-06-17,-1.0,9241.0,1,-63.0
2014-06-18,,9178.0,0,0.0
2014-06-19,,9225.0,1,-45.0
2014-06-20,,9180.0,3,-14.0
2014-06-23,1.0,9166.0,1,6.0
2014-06-24,-1.0,9172.0,1,-15.0
2014-06-25,1.0,9157.0,1,76.0
2014-06-26,-1.0,9233.0,1,-26.0
2014-06-27,1.0,9207.0,3,83.0
2014-06-30,,9290.0,1,94.0
2014-07-01,,9384.0,1,18.0
2014-07-02,,9402.0,1,53.0
2014-07-03,-1.0,9455.0,1,-2.0
2014-07-04,,9453.0,3,-2.0
2014-07-07,1.0,9451.0,1,26.0
2014-07-08,-1.0,9477.0,1,-12.0
2014-07-09,1.0,9465.0,1,88.0
2014-07-10,-1.0,9553.0,1,-66.0
2014-07-11,1.0,9487.0,3,38.0
2014-07-14,,9525.0,1,36.0
2014-07-15,-1.0,9561.0,1,-148.0
2014-07-16,,9413.0,0,0.0
2014-07-17,,9356.0,1,-17.0
2014-07-18,1.0,9339.0,3,25.0
2014-07-21,,9364.0,1,69.0
2014-07-22,,9433.0,2,36.0
2014-07-24,-1.0,9469.0,1,-79.0
2014-07-25,,9390.0,3,-3.0
2014-07-28,,9387.0,1,-26.0
2014-07-29,1.0,9361.0,1,55.0
2014-07-30,-1.0,9416.0,1,-126.0
2014-07-31,,9290.0,1,-37.0
2014-08-01,1.0,9253.0,3,33.0
2014-08-04,-1.0,9286.0,1,-191.0
2014-08-05,1.0,9095.0,1,3.0
2014-08-06,-1.0,9098.0,1,-6.0
2014-08-07,,9092.0,1,-2.0
2014-08-08,1.0,9090.0,3,51.0
2014-08-11,-1.0,9141.0,1,-20.0
2014-08-12,1.0,9121.0,1,78.0
2014-08-13,,9199.0,1,19.0
2014-08-14,-1.0,9218.0,1,-15.0
2014-08-15,,9203.0,3,-62.0
2014-08-18,1.0,9141.0,1,98.0
2014-08-19,,9239.0,1,20.0
2014-08-20,,9259.0,0,0.0
2014-08-21,,9231.0,1,147.0
2014-08-22,,9378.0,3,13.0
2014-08-25,-1.0,9391.0,1,-1.0
2014-08-26,1.0,9390.0,1,87.0
2014-08-27,,9477.0,1,2.0
2014-08-28,-1.0,9479.0,1,-6.0
2014-08-29,1.0,9473.0,3,55.0
2014-09-01,-1.0,9528.0,1,-118.0
2014-09-02,1.0,9410.0,1,41.0
2014-09-03,-1.0,9451.0,1,-26.0
2014-09-04,,9425.0,1,-18.0
2014-09-05,1.0,9407.0,4,21.0
2014-09-09,-1.0,9428.0,1,-81.0
2014-09-10,,9347.0,1,-45.0
2014-09-11,,9302.0,1,-57.0
2014-09-12,,9245.0,3,-27.0
2014-09-15,,9218.0,1,-64.0
2014-09-16,1.0,9154.0,1,85.0
2014-09-17,,9239.0,0,0.0
2014-09-18,,9243.0,1,22.0
2014-09-19,-1.0,9265.0,3,-137.0
2014-09-22,,9128.0,1,-11.0
2014-09-23,1.0,9117.0,1,10.0
2014-09-24,-1.0,9127.0,1,-99.0
2014-09-25,,9028.0,1,-48.0
2014-09-26,1.0,8980.0,3,2.0
2014-09-29,,8982.0,1,9.0
2014-09-30,-1.0,8991.0,1,-11.0
2014-10-01,1.0,8980.0,1,13.0
2014-10-02,,8993.0,1,108.0
2014-10-03,-1.0,9101.0,3,-17.0
2014-10-06,,9084.0,1,-67.0
2014-10-07,,9017.0,1,-84.0
2014-10-08,1.0,8933.0,1,48.0
2014-10-09,-1.0,8981.0,4,-269.0
2014-10-13,1.0,8712.0,1,33.0
2014-10-14,-1.0,8745.0,1,-93.0
2014-10-15,,8652.0,0,0.0
2014-10-16,,8632.0,1,-132.0
2014-10-17,1.0,8500.0,3,161.0
2014-10-20,-1.0,8661.0,1,-25.0
2014-10-21,1.0,8636.0,1,108.0
2014-10-22,-1.0,8744.0,1,-23.0
2014-10-23,,8721.0,1,-79.0
2014-10-24,1.0,8642.0,3,0.0
2014-10-27,,8642.0,1,151.0
2014-10-28,,8793.0,1,86.0
2014-10-29,,8879.0,1,2.0
2014-10-30,,8881.0,1,97.0
2014-10-31,,8978.0,3,4.0
2014-11-03,,8982.0,1,10.0
2014-11-04,-1.0,8992.0,1,-8.0
2014-11-05,,8984.0,1,-82.0
2014-11-06,1.0,8902.0,1,37.0
2014-11-07,,8939.0,3,135.0
2014-11-10,-1.0,9074.0,1,-11.0
2014-11-11,,9063.0,1,-158.0
2014-11-12,1.0,8905.0,1,54.0
2014-11-13,,8959.0,1,3.0
2014-11-14,-1.0,8962.0,3,-62.0
2014-11-17,,8900.0,1,-28.0
2014-11-18,1.0,8872.0,1,119.0
2014-11-19,,8991.0,0,0.0
2014-11-20,,9093.0,1,10.0
2014-11-21,,9103.0,3,27.0
2014-11-24,-1.0,9130.0,1,-23.0
2014-11-25,1.0,9107.0,1,16.0
2014-11-26,,9123.0,1,53.0
2014-11-27,,9176.0,1,5.0
2014-11-28,-1.0,9181.0,3,-62.0
2014-12-01,,9119.0,1,-88.0
2014-12-02,1.0,9031.0,1,180.0
2014-12-03,,9211.0,1,9.0
2014-12-04,-1.0,9220.0,1,-4.0
2014-12-05,,9216.0,3,-31.0
2014-12-08,,9185.0,1,-53.0
2014-12-09,,9132.0,1,-86.0
2014-12-10,,9046.0,1,-36.0
2014-12-11,,9010.0,1,-4.0
2014-12-12,1.0,9006.0,3,30.0
2014-12-15,-1.0,9036.0,1,-55.0
2014-12-16,,8981.0,1,-120.0
2014-12-17,,8861.0,0,0.0
2014-12-18,,8857.0,1,162.0
2014-12-19,,9019.0,3,77.0
2014-12-22,,9096.0,1,19.0
2014-12-23,,9115.0,1,61.0
2014-12-24,,9176.0,1,7.0
2014-12-25,,9183.0,1,43.0
2014-12-26,,9226.0,1,30.0
2014-12-27,,9256.0,2,58.0
2014-12-29,-1.0,9314.0,1,-28.0
2014-12-30,,9286.0,1,-3.0
2014-12-31,,9283.0,5,-31.0
2015-01-05,,9252.0,1,-194.0
2015-01-06,,9058.0,1,-13.0
2015-01-07,1.0,9045.0,1,212.0
2015-01-08,-1.0,9257.0,1,-27.0
2015-01-09,,9230.0,3,-45.0
2015-01-12,1.0,9185.0,1,64.0
2015-01-13,-1.0,9249.0,1,-78.0
2015-01-14,1.0,9171.0,1,24.0
2015-01-15,-1.0,9195.0,1,-80.0
2015-01-16,1.0,9115.0,3,66.0
2015-01-19,,9181.0,1,87.0
2015-01-20,,9268.0,1,45.0
2015-01-21,,9313.0,0,0.0
2015-01-22,,9388.0,1,73.0
2015-01-23,,9461.0,3,5.0
2015-01-26,,9466.0,1,57.0
2015-01-27,,9523.0,1,3.0
2015-01-28,-1.0,9526.0,1,-98.0
2015-01-29,,9428.0,1,-28.0
2015-01-30,1.0,9400.0,3,19.0
2015-02-02,,9419.0,1,45.0
2015-02-03,,9464.0,1,57.0
2015-02-04,-1.0,9521.0,1,-7.0
2015-02-05,,9514.0,1,-45.0
2015-02-06,,9469.0,3,-19.0
2015-02-09,,9450.0,1,-18.0
2015-02-10,1.0,9432.0,1,48.0
2015-02-11,-1.0,9480.0,1,0.0
2015-02-12,1.0,9480.0,1,34.0
2015-02-13,,9514.0,11,135.0
2015-02-24,,9649.0,0,0.0
2015-02-25,,9684.0,1,-35.0
2015-02-26,,9649.0,4,-18.0
2015-03-02,,9631.0,1,-17.0
2015-03-03,1.0,9614.0,1,8.0
2015-03-04,-1.0,9622.0,1,-33.0
2015-03-05,1.0,9589.0,1,49.0
2015-03-06,-1.0,9638.0,3,-62.0
2015-03-09,,9576.0,1,-48.0
2015-03-10,,9528.0,1,-9.0
2015-03-11,1.0,9519.0,1,88.0
2015-03-12,-1.0,9607.0,1,-9.0
2015-03-13,,9598.0,3,-52.0
2015-03-16,1.0,9546.0,1,8.0
2015-03-17,,9554.0,1,121.0
2015-03-18,,9675.0,0,0.0
2015-03-19,,9766.0,1,-9.0
2015-03-20,,9757.0,3,-8.0
2015-03-23,,9749.0,1,-28.0
2015-03-24,,9721.0,1,-32.0
2015-03-25,,9689.0,1,-80.0
2015-03-26,,9609.0,1,-68.0
2015-03-27,1.0,9541.0,3,11.0
2015-03-30,,9552.0,1,30.0
2015-03-31,-1.0,9582.0,1,-75.0
2015-04-01,1.0,9507.0,1,106.0
2015-04-02,,9613.0,5,16.0
2015-04-07,-1.0,9629.0,1,-59.0
2015-04-08,1.0,9570.0,1,2.0
2015-04-09,,9572.0,1,59.0
2015-04-10,,9631.0,3,27.0
2015-04-13,-1.0,9658.0,1,-13.0
2015-04-14,,9645.0,1,-109.0
2015-04-15,,9536.0,0,0.0
2015-04-16,,9647.0,1,-63.0
2015-04-17,,9584.0,3,-23.0
2015-04-20,,9561.0,1,-5.0
2015-04-21,1.0,9556.0,1,57.0
2015-04-22,,9613.0,1,225.0
2015-04-23,,9838.0,1,82.0
2015-04-24,,9920.0,3,99.0
2015-04-27,-1.0,10019.0,1,-29.0
2015-04-28,,9990.0,1,-81.0
2015-04-29,,9909.0,1,-35.0
2015-04-30,1.0,9874.0,4,12.0
2015-05-04,-1.0,9886.0,1,-37.0
2015-05-05,,9849.0,1,-2.0
2015-05-06,,9847.0,1,-94.0
2015-05-07,,9753.0,1,-32.0
2015-05-08,1.0,9721.0,3,2.0
2015-05-11,-1.0,9723.0,1,-17.0
2015-05-12,1.0,9706.0,1,33.0
2015-05-13,-1.0,9739.0,1,-135.0
2015-05-14,,9604.0,1,-29.0
2015-05-15,1.0,9575.0,3,23.0
2015-05-18,,9598.0,1,104.0
2015-05-19,-1.0,9702.0,1,-26.0
2015-05-20,,9676.0,0,0.0
2015-05-21,,9541.0,1,84.0
2015-05-22,,9625.0,3,5.0
2015-05-25,,9630.0,1,29.0
2015-05-26,,9659.0,1,2.0
2015-05-27,,9661.0,1,70.0
2015-05-28,-1.0,9731.0,1,-28.0
2015-05-29,,9703.0,3,-73.0
2015-06-01,,9630.0,1,-23.0
2015-06-02,,9607.0,1,-60.0
2015-06-03,,9547.0,1,-237.0
2015-06-04,,9310.0,1,-2.0
2015-06-05,1.0,9308.0,3,40.0
2015-06-08,-1.0,9348.0,1,-111.0
2015-06-09,1.0,9237.0,1,47.0
2015-06-10,,9284.0,1,4.0
2015-06-11,-1.0,9288.0,1,-21.0
2015-06-12,,9267.0,3,-23.0
2015-06-15,,9244.0,1,-29.0
2015-06-16,,9215.0,1,-161.0
2015-06-17,,9054.0,0,0.0
2015-06-18,,9049.0,4,133.0
2015-06-22,,9182.0,1,49.0
2015-06-23,,9231.0,1,16.0
2015-06-24,,9247.0,1,93.0
2015-06-25,-1.0,9340.0,1,-19.0
2015-06-26,,9321.0,3,-183.0
2015-06-29,1.0,9138.0,1,74.0
2015-06-30,,9212.0,1,82.0
2015-07-01,-1.0,9294.0,1,-17.0
2015-07-02,1.0,9277.0,1,27.0
2015-07-03,-1.0,9304.0,3,-107.0
2015-07-06,1.0,9197.0,1,45.0
2015-07-07,-1.0,9242.0,1,-299.0
2015-07-08,,8943.0,1,-70.0
2015-07-09,1.0,8873.0,4,121.0
2015-07-13,-1.0,8994.0,1,-10.0
2015-07-14,,8984.0,1,-94.0
2015-07-15,,8890.0,0,0.0
2015-07-16,,8918.0,1,-6.0
2015-07-17,,8912.0,3,-61.0
2015-07-20,1.0,8851.0,1,85.0
2015-07-21,-1.0,8936.0,1,-121.0
2015-07-22,,8815.0,1,-60.0
2015-07-23,,8755.0,1,-71.0
2015-07-24,,8684.0,3,-162.0
2015-07-27,1.0,8522.0,1,19.0
2015-07-28,-1.0,8541.0,1,-57.0
2015-07-29,1.0,8484.0,1,126.0
2015-07-30,-1.0,8610.0,1,-40.0
2015-07-31,,8570.0,3,-118.0
2015-08-03,1.0,8452.0,1,13.0
2015-08-04,,8465.0,1,58.0
2015-08-05,-1.0,8523.0,1,-133.0
2015-08-06,,8390.0,1,-1.0
2015-08-07,1.0,8389.0,3,56.0
2015-08-10,-1.0,8445.0,1,-85.0
2015-08-11,,8360.0,1,-61.0
2015-08-12,1.0,8299.0,1,7.0
2015-08-13,,8306.0,1,19.0
2015-08-14,-1.0,8325.0,3,-87.0
2015-08-17,,8238.0,1,-67.0
2015-08-18,,8171.0,1,-199.0
2015-08-19,,7972.0,0,0.0
2015-08-20,,7976.0,1,-230.0
2015-08-21,,7746.0,3,-406.0
2015-08-24,1.0,7340.0,1,237.0
2015-08-25,,7577.0,1,30.0
2015-08-26,,7607.0,1,73.0
2015-08-27,,7680.0,1,196.0
2015-08-28,,7876.0,3,93.0
2015-08-31,-1.0,7969.0,1,-135.0
2015-09-01,1.0,7834.0,1,111.0
2015-09-02,,7945.0,1,32.0
2015-09-03,-1.0,7977.0,1,-87.0
2015-09-04,1.0,7890.0,3,42.0
2015-09-07,,7932.0,1,44.0
2015-09-08,,7976.0,1,356.0
2015-09-09,-1.0,8332.0,1,-70.0
2015-09-10,1.0,8262.0,1,1.0
2015-09-11,,8263.0,3,10.0
2015-09-14,-1.0,8273.0,1,-36.0
2015-09-15,1.0,8237.0,1,41.0
2015-09-16,,8278.0,0,0.0
2015-09-17,,8437.0,1,0.0
2015-09-18,-1.0,8437.0,3,-167.0
2015-09-21,1.0,8270.0,1,60.0
2015-09-22,-1.0,8330.0,1,-190.0
2015-09-23,,8140.0,1,-49.0
2015-09-24,1.0,8091.0,1,29.0
2015-09-25,,8120.0,5,15.0
2015-09-30,,8135.0,1,174.0
2015-10-01,-1.0,8309.0,1,-32.0
2015-10-02,1.0,8277.0,3,58.0
2015-10-05,,8335.0,1,35.0
2015-10-06,,8370.0,1,122.0
2015-10-07,-1.0,8492.0,1,-51.0
2015-10-08,1.0,8441.0,4,111.0
2015-10-12,,8552.0,1,1.0
2015-10-13,-1.0,8553.0,1,-34.0
2015-10-14,1.0,8519.0,1,89.0
2015-10-15,-1.0,8608.0,1,-1.0
2015-10-16,1.0,8607.0,3,17.0
2015-10-19,,8624.0,1,35.0
2015-10-20,-1.0,8659.0,1,-50.0
2015-10-21,,8609.0,0,0.0
2015-10-22,,8595.0,1,97.0
2015-10-23,,8692.0,3,44.0
2015-10-26,-1.0,8736.0,1,-45.0
2015-10-27,,8691.0,1,-53.0
2015-10-28,,8638.0,1,-88.0
2015-10-29,1.0,8550.0,1,18.0
2015-10-30,,8568.0,3,15.0
2015-11-02,,8583.0,1,138.0
2015-11-03,,8721.0,1,161.0
2015-11-04,-1.0,8882.0,1,-12.0
2015-11-05,,8870.0,1,-181.0
2015-11-06,,8689.0,3,-58.0
2015-11-09,,8631.0,1,-99.0
2015-11-10,,8532.0,1,-152.0
2015-11-11,1.0,8380.0,1,81.0
2015-11-12,-1.0,8461.0,1,-105.0
2015-11-13,,8356.0,3,-66.0
2015-11-16,1.0,8290.0,1,150.0
2015-11-17,-1.0,8440.0,1,-164.0
2015-11-18,,8276.0,0,0.0
2015-11-19,,8447.0,1,-3.0
2015-11-20,1.0,8444.0,3,34.0
2015-11-23,-1.0,8478.0,1,-76.0
2015-11-24,,8402.0,1,-14.0
2015-11-25,1.0,8388.0,1,114.0
2015-11-26,-1.0,8502.0,1,-109.0
2015-11-27,,8393.0,3,-93.0
2015-11-30,1.0,8300.0,1,156.0
2015-12-01,-1.0,8456.0,1,-4.0
2015-12-02,1.0,8452.0,1,24.0
2015-12-03,-1.0,8476.0,1,-79.0
2015-12-04,1.0,8397.0,3,71.0
2015-12-07,-1.0,8468.0,1,-134.0
2015-12-08,,8334.0,1,-113.0
2015-12-09,,8221.0,1,-33.0
2015-12-10,,8188.0,1,-117.0
2015-12-11,,8071.0,3,-13.0
2015-12-14,1.0,8058.0,1,8.0
2015-12-15,,8066.0,1,104.0
2015-12-16,,8170.0,0,0.0
2015-12-17,,8281.0,1,-50.0
2015-12-18,1.0,8231.0,3,49.0
2015-12-21,-1.0,8280.0,1,-3.0
2015-12-22,1.0,8277.0,1,13.0
2015-12-23,,8290.0,1,27.0
2015-12-24,,8317.0,1,59.0
2015-12-25,-1.0,8376.0,3,-20.0
2015-12-28,,8356.0,1,-69.0
2015-12-29,,8287.0,1,-27.0
2015-12-30,1.0,8260.0,1,12.0
2015-12-31,-1.0,8272.0,4,-197.0
2016-01-04,,8075.0,1,-50.0
2016-01-05,,8025.0,1,-54.0
2016-01-06,,7971.0,1,-172.0
2016-01-07,1.0,7799.0,1,69.0
2016-01-08,-1.0,7868.0,3,-128.0
2016-01-11,,7740.0,1,-31.0
2016-01-12,1.0,7709.0,1,97.0
2016-01-13,-1.0,7806.0,1,-90.0
2016-01-14,,7716.0,1,-51.0
2016-01-15,1.0,7665.0,3,149.0
2016-01-18,,7814.0,1,53.0
2016-01-19,-1.0,7867.0,1,-275.0
2016-01-20,,7592.0,0,0.0
2016-01-21,,7613.0,1,135.0
2016-01-22,,7748.0,3,85.0
2016-01-25,-1.0,7833.0,1,-54.0
2016-01-26,1.0,7779.0,1,60.0
2016-01-27,,7839.0,1,16.0
2016-01-28,,7855.0,1,198.0
2016-01-29,,8053.0,1,110.0
2016-01-30,-1.0,8163.0,2,-39.0
2016-02-01,,8124.0,1,-19.0
2016-02-02,,8105.0,1,-71.0
2016-02-03,1.0,8034.0,12,15.0
2016-02-15,,8049.0,1,156.0
2016-02-16,-1.0,8205.0,1,-13.0
2016-02-17,,8192.0,0,0.0
2016-02-18,,8284.0,1,20.0
2016-02-19,-1.0,8304.0,3,-2.0
2016-02-22,1.0,8302.0,1,16.0
2016-02-23,-1.0,8318.0,1,-70.0
2016-02-24,1.0,8248.0,1,89.0
2016-02-25,,8337.0,1,54.0
2016-02-26,,8391.0,4,57.0
2016-03-01,,8448.0,1,69.0
2016-03-02,,8517.0,1,49.0
2016-03-03,,8566.0,1,36.0
2016-03-04,,8602.0,3,3.0
2016-03-07,,8605.0,1,9.0
2016-03-08,,8614.0,1,6.0
2016-03-09,,8620.0,1,21.0
2016-03-10,,8641.0,1,66.0
2016-03-11,,8707.0,3,34.0
2016-03-14,-1.0,8741.0,1,-138.0
2016-03-15,1.0,8603.0,1,54.0
2016-03-16,,8657.0,0,0.0
2016-03-17,,8698.0,1,65.0
2016-03-18,-1.0,8763.0,3,-18.0
2016-03-21,1.0,8745.0,1,7.0
2016-03-22,-1.0,8752.0,1,-31.0
2016-03-23,,8721.0,1,-7.0
2016-03-24,,8714.0,1,-12.0
2016-03-25,,8702.0,3,-19.0
2016-03-28,,8683.0,1,-83.0
2016-03-29,1.0,8600.0,1,140.0
2016-03-30,-1.0,8740.0,1,-25.0
2016-03-31,,8715.0,1,-86.0
2016-04-01,,8629.0,5,-169.0
2016-04-06,,8460.0,1,-22.0
2016-04-07,1.0,8438.0,1,46.0
2016-04-08,,8484.0,3,30.0
2016-04-11,-1.0,8514.0,1,-19.0
2016-04-12,1.0,8495.0,1,143.0
2016-04-13,,8638.0,1,23.0
2016-04-14,,8661.0,1,55.0
2016-04-15,-1.0,8716.0,3,-71.0
2016-04-18,,8645.0,1,-9.0
2016-04-19,,8636.0,1,-194.0
2016-04-20,,8442.0,0,0.0
2016-04-21,,8530.0,1,-32.0
2016-04-22,1.0,8498.0,3,29.0
2016-04-25,,8527.0,1,46.0
2016-04-26,-1.0,8573.0,1,-16.0
2016-04-27,,8557.0,1,-140.0
2016-04-28,,8417.0,1,-108.0
2016-04-29,,8309.0,4,-50.0
2016-05-03,,8259.0,1,-82.0
2016-05-04,,8177.0,1,-35.0
2016-05-05,,8142.0,1,-40.0
2016-05-06,1.0,8102.0,3,12.0
2016-05-09,,8114.0,1,39.0
2016-05-10,-1.0,8153.0,1,-28.0
2016-05-11,,8125.0,1,-41.0
2016-05-12,,8084.0,1,-65.0
2016-05-13,1.0,8019.0,3,43.0
2016-05-16,,8062.0,1,88.0
2016-05-17,-1.0,8150.0,1,-41.0
2016-05-18,,8109.0,0,0.0
2016-05-19,,8034.0,1,70.0
2016-05-20,,8104.0,3,242.0
2016-05-23,-1.0,8346.0,1,-63.0
2016-05-24,1.0,8283.0,1,102.0
2016-05-25,-1.0,8385.0,1,0.0
2016-05-26,1.0,8385.0,1,77.0
2016-05-27,,8462.0,3,46.0
2016-05-30,,8508.0,1,7.0
2016-05-31,,8515.0,1,48.0
2016-06-01,-1.0,8563.0,1,-11.0
2016-06-02,1.0,8552.0,1,14.0
2016-06-03,,8566.0,1,10.0
2016-06-04,-1.0,8576.0,2,-1.0
2016-06-06,1.0,8575.0,1,91.0
2016-06-07,,8666.0,1,52.0
2016-06-08,-1.0,8718.0,5,-193.0
2016-06-13,1.0,8525.0,1,50.0
2016-06-14,-1.0,8575.0,1,-161.0
2016-06-15,,8414.0,0,0.0
2016-06-16,,8283.0,1,112.0
2016-06-17,,8395.0,3,74.0
2016-06-20,,8469.0,1,41.0
2016-06-21,-1.0,8510.0,1,-1.0
2016-06-22,1.0,8509.0,1,1.0
2016-06-23,-1.0,8510.0,1,-273.0
2016-06-24,1.0,8237.0,3,88.0
2016-06-27,,8325.0,1,51.0
2016-06-28,,8376.0,1,60.0
2016-06-29,,8436.0,1,82.0
2016-06-30,,8518.0,1,108.0
2016-07-01,,8626.0,3,4.0
2016-07-04,-1.0,8630.0,1,-21.0
2016-07-05,,8609.0,1,-141.0
2016-07-06,1.0,8468.0,1,94.0
2016-07-07,,8562.0,4,174.0
2016-07-11,,8736.0,1,41.0
2016-07-12,,8777.0,1,16.0
2016-07-13,,8793.0,1,20.0
2016-07-14,,8813.0,1,98.0
2016-07-15,,8911.0,3,87.0
2016-07-18,,8998.0,1,35.0
2016-07-19,-1.0,9033.0,1,-151.0
2016-07-20,,8882.0,0,0.0
2016-07-21,,8984.0,1,-59.0
2016-07-22,,8925.0,3,-34.0
2016-07-25,1.0,8891.0,1,74.0
2016-07-26,,8965.0,1,11.0
2016-07-27,,8976.0,1,5.0
2016-07-28,-1.0,8981.0,1,-88.0
2016-07-29,1.0,8893.0,3,148.0
2016-08-01,-1.0,9041.0,1,-26.0
2016-08-02,,9015.0,1,-82.0
2016-08-03,1.0,8933.0,1,38.0
2016-08-04,,8971.0,1,92.0
2016-08-05,,9063.0,3,53.0
2016-08-08,,9116.0,1,2.0
2016-08-09,,9118.0,1,27.0
2016-08-10,-1.0,9145.0,1,-60.0
2016-08-11,1.0,9085.0,1,45.0
2016-08-12,-1.0,9130.0,3,-5.0
2016-08-15,,9125.0,1,-37.0
2016-08-16,,9088.0,1,-76.0
2016-08-17,,9012.0,0,0.0
2016-08-18,,9042.0,1,-96.0
2016-08-19,,8946.0,3,-54.0
2016-08-22,1.0,8892.0,1,92.0
2016-08-23,-1.0,8984.0,1,-28.0
2016-08-24,1.0,8956.0,1,116.0
2016-08-25,,9072.0,1,8.0
2016-08-26,-1.0,9080.0,3,-38.0
2016-08-29,,9042.0,1,-6.0
2016-08-30,,9036.0,1,-60.0
2016-08-31,,8976.0,1,-35.0
2016-09-01,,8941.0,1,-10.0
2016-09-02,1.0,8931.0,3,131.0
2016-09-05,,9062.0,1,88.0
2016-09-06,,9150.0,1,103.0
2016-09-07,-1.0,9253.0,1,-14.0
2016-09-08,,9239.0,1,-112.0
2016-09-09,,9127.0,1,-174.0
2016-09-10,,8953.0,2,-54.0
2016-09-12,1.0,8899.0,1,7.0
2016-09-13,-1.0,8906.0,1,-32.0
2016-09-14,1.0,8874.0,5,277.0
2016-09-19,-1.0,9151.0,1,-10.0
2016-09-20,1.0,9141.0,1,24.0
2016-09-21,,9165.0,0,0.0
2016-09-22,,9188.0,1,48.0
2016-09-23,-1.0,9236.0,3,-82.0
2016-09-26,1.0,9154.0,3,99.0
2016-09-29,-1.0,9253.0,1,-125.0
2016-09-30,1.0,9128.0,3,66.0
2016-10-03,,9194.0,1,53.0
2016-10-04,-1.0,9247.0,1,-7.0
2016-10-05,1.0,9240.0,1,16.0
2016-10-06,-1.0,9256.0,1,-3.0
2016-10-07,,9253.0,4,-62.0
2016-10-11,1.0,9191.0,1,69.0
2016-10-12,-1.0,9260.0,1,-57.0
2016-10-13,,9203.0,1,-34.0
2016-10-14,,9169.0,3,-3.0
2016-10-17,1.0,9166.0,1,46.0
2016-10-18,,9212.0,1,39.0
2016-10-19,,9251.0,0,0.0
2016-10-20,,9278.0,1,-14.0
2016-10-21,1.0,9264.0,3,45.0
2016-10-24,,9309.0,1,65.0
2016-10-25,-1.0,9374.0,1,-38.0
2016-10-26,,9336.0,1,-49.0
2016-10-27,,9287.0,1,-7.0
2016-10-28,1.0,9280.0,3,3.0
2016-10-31,-1.0,9283.0,1,-3.0
2016-11-01,,9280.0,1,-120.0
2016-11-02,,9160.0,1,-72.0
2016-11-03,,9088.0,1,-24.0
2016-11-04,1.0,9064.0,3,133.0
2016-11-07,,9197.0,1,28.0
2016-11-08,-1.0,9225.0,1,-296.0
2016-11-09,1.0,8929.0,1,248.0
2016-11-10,-1.0,9177.0,1,-210.0
2016-11-11,,8967.0,3,-22.0
2016-11-14,,8945.0,1,-7.0
2016-11-15,1.0,8938.0,1,19.0
2016-11-16,,8957.0,0,0.0
2016-11-17,,8962.0,1,25.0
2016-11-18,,8987.0,3,30.0
2016-11-21,,9017.0,1,123.0
2016-11-22,,9140.0,1,35.0
2016-11-23,-1.0,9175.0,1,-33.0
2016-11-24,1.0,9142.0,1,20.0
2016-11-25,,9162.0,3,61.0
2016-11-28,-1.0,9223.0,1,-20.0
2016-11-29,1.0,9203.0,1,23.0
2016-11-30,,9226.0,1,35.0
2016-12-01,-1.0,9261.0,1,-96.0
2016-12-02,,9165.0,3,-8.0
2016-12-05,1.0,9157.0,1,105.0
2016-12-06,,9262.0,1,1.0
2016-12-07,,9263.0,1,104.0
2016-12-08,,9367.0,1,23.0
2016-12-09,-1.0,9390.0,3,-35.0
2016-12-12,1.0,9355.0,1,23.0
2016-12-13,-1.0,9378.0,1,-8.0
2016-12-14,,9370.0,1,-2.0
2016-12-15,,9368.0,1,-56.0
2016-12-16,,9312.0,3,-66.0
2016-12-19,1.0,9246.0,1,14.0
2016-12-20,-1.0,9260.0,1,-36.0
2016-12-21,,9224.0,0,0.0
2016-12-22,,9130.0,1,-40.0
2016-12-23,1.0,9090.0,3,33.0
2016-12-26,-1.0,9123.0,1,-10.0
2016-12-27,1.0,9113.0,1,98.0
2016-12-28,-1.0,9211.0,1,-27.0
2016-12-29,1.0,9184.0,1,78.0
2016-12-30,,9262.0,4,19.0
2017-01-03,-1.0,9281.0,1,-8.0
2017-01-04,1.0,9273.0,1,67.0
2017-01-05,,9340.0,1,27.0
2017-01-06,-1.0,9367.0,3,-23.0
2017-01-09,,9344.0,1,-2.0
2017-01-10,,9342.0,1,-4.0
2017-01-11,1.0,9338.0,1,72.0
2017-01-12,-1.0,9410.0,1,-36.0
2017-01-13,,9374.0,3,-88.0
2017-01-16,1.0,9286.0,1,55.0
2017-01-17,-1.0,9341.0,1,-23.0
2017-01-18,,9318.0,0,0.0
2017-01-19,,9306.0,1,24.0
2017-01-20,,9330.0,3,77.0
2017-01-23,,9407.0,1,39.0
2017-01-24,-1.0,9446.0,9,-71.0
2017-02-02,1.0,9375.0,1,64.0
2017-02-03,,9439.0,3,66.0
2017-02-06,,9505.0,1,15.0
2017-02-07,-1.0,9520.0,1,-5.0
2017-02-08,1.0,9515.0,1,61.0
2017-02-09,,9576.0,1,82.0
2017-02-10,,9658.0,3,47.0
2017-02-13,,9705.0,1,5.0
2017-02-14,,9710.0,1,92.0
2017-02-15,,9802.0,0,0.0
2017-02-16,,9772.0,1,-10.0
2017-02-17,1.0,9762.0,1,26.0
2017-02-18,-1.0,9788.0,2,-22.0
2017-02-20,1.0,9766.0,1,0.0
2017-02-21,,9766.0,1,17.0
2017-02-22,-1.0,9783.0,1,-11.0
2017-02-23,,9772.0,1,-11.0
2017-02-24,,9761.0,5,-79.0
2017-03-01,1.0,9682.0,1,9.0
2017-03-02,-1.0,9691.0,1,-62.0
2017-03-03,1.0,9629.0,3,54.0
2017-03-06,,9683.0,1,44.0
2017-03-07,,9727.0,1,21.0
2017-03-08,-1.0,9748.0,1,-96.0
2017-03-09,,9652.0,1,-27.0
2017-03-10,1.0,9625.0,3,67.0
2017-03-13,,9692.0,1,57.0
2017-03-14,-1.0,9749.0,1,-23.0
2017-03-15,,9726.0,0,0.0
2017-03-16,,9840.0,1,50.0
2017-03-17,,9890.0,3,5.0
2017-03-20,,9895.0,1,67.0
2017-03-21,-1.0,9962.0,1,-64.0
2017-03-22,1.0,9898.0,1,11.0
2017-03-23,-1.0,9909.0,1,-8.0
2017-03-24,,9901.0,3,-36.0
2017-03-27,1.0,9865.0,1,18.0
2017-03-28,-1.0,9883.0,1,-21.0
2017-03-29,,9862.0,1,-12.0
2017-03-30,,9850.0,1,-29.0
2017-03-31,1.0,9821.0,5,140.0
2017-04-05,-1.0,9961.0,1,-64.0
2017-04-06,,9897.0,1,-34.0
2017-04-07,1.0,9863.0,3,13.0
2017-04-10,-1.0,9876.0,1,-60.0
2017-04-11,,9816.0,1,-2.0
2017-04-12,1.0,9814.0,1,32.0
2017-04-13,-1.0,9846.0,1,-130.0
2017-04-14,1.0,9716.0,3,6.0
2017-04-17,,9722.0,1,15.0
2017-04-18,-1.0,9737.0,1,-112.0
2017-04-19,,9625.0,0,0.0
2017-04-20,,9615.0,1,82.0
2017-04-21,,9697.0,3,8.0
2017-04-24,,9705.0,1,108.0
2017-04-25,,9813.0,1,28.0
2017-04-26,-1.0,9841.0,1,-2.0
2017-04-27,1.0,9839.0,1,18.0
2017-04-28,,9857.0,4,75.0
2017-05-02,,9932.0,1,4.0
2017-05-03,,9936.0,1,23.0
2017-05-04,-1.0,9959.0,1,-70.0
2017-05-05,1.0,9889.0,3,32.0
2017-05-08,-1.0,9921.0,1,-17.0
2017-05-09,1.0,9904.0,1,43.0
2017-05-10,,9947.0,1,40.0
2017-05-11,-1.0,9987.0,1,-6.0
2017-05-12,1.0,9981.0,3,47.0
2017-05-15,-1.0,10028.0,1,-6.0
2017-05-16,,10022.0,1,-43.0
2017-05-17,,9979.0,0,0.0
2017-05-18,,9951.0,1,-19.0
2017-05-19,1.0,9932.0,3,43.0
2017-05-22,,9975.0,1,19.0
2017-05-23,,9994.0,1,26.0
2017-05-24,,10020.0,1,87.0
2017-05-25,-1.0,10107.0,1,-14.0
2017-05-26,,10093.0,5,-62.0
2017-05-31,1.0,10031.0,1,38.0
2017-06-01,,10069.0,1,66.0
2017-06-02,,10135.0,1,22.0
2017-06-03,,10157.0,2,43.0
2017-06-05,-1.0,10200.0,1,-15.0
2017-06-06,1.0,10185.0,1,7.0
2017-06-07,,10192.0,1,19.0
2017-06-08,-1.0,10211.0,1,-19.0
2017-06-09,,10192.0,3,-72.0
2017-06-12,1.0,10120.0,1,17.0
2017-06-13,-1.0,10137.0,1,-72.0
2017-06-14,1.0,10065.0,1,8.0
2017-06-15,,10073.0,1,73.0
2017-06-16,,10146.0,3,93.0
2017-06-19,,10239.0,1,83.0
2017-06-20,-1.0,10322.0,1,-144.0
2017-06-21,,10178.0,0,0.0
2017-06-22,,10231.0,1,-16.0
2017-06-23,1.0,10215.0,3,166.0
2017-06-26,-1.0,10381.0,1,-13.0
2017-06-27,,10368.0,1,-107.0
2017-06-28,1.0,10261.0,1,36.0
2017-06-29,-1.0,10297.0,1,-45.0
2017-06-30,1.0,10252.0,3,37.0
2017-07-03,-1.0,10289.0,1,-72.0
2017-07-04,1.0,10217.0,1,84.0
2017-07-05,-1.0,10301.0,1,-34.0
2017-07-06,,10267.0,1,-64.0
2017-07-07,1.0,10203.0,3,7.0
2017-07-10,,10210.0,1,132.0
2017-07-11,-1.0,10342.0,1,-3.0
2017-07-12,1.0,10339.0,1,81.0
2017-07-13,-1.0,10420.0,1,-17.0
2017-07-14,1.0,10403.0,3,33.0
2017-07-17,,10436.0,1,26.0
2017-07-18,-1.0,10462.0,1,-76.0
2017-07-19,,10386.0,0,0.0
2017-07-20,,10390.0,1,-61.0
2017-07-21,1.0,10329.0,3,33.0
2017-07-24,,10362.0,1,1.0
2017-07-25,-1.0,10363.0,1,-34.0
2017-07-26,1.0,10329.0,1,119.0
2017-07-27,-1.0,10448.0,1,-108.0
2017-07-28,1.0,10340.0,3,15.0
2017-07-31,,10355.0,1,12.0
2017-08-01,,10367.0,1,86.0
2017-08-02,-1.0,10453.0,1,-47.0
2017-08-03,1.0,10406.0,1,33.0
2017-08-04,,10439.0,3,90.0
2017-08-07,-1.0,10529.0,1,-3.0
2017-08-08,,10526.0,1,-73.0
2017-08-09,,10453.0,1,-125.0
2017-08-10,,10328.0,1,-28.0
2017-08-11,,10300.0,3,-69.0
2017-08-14,1.0,10231.0,1,78.0
2017-08-15,-1.0,10309.0,1,-85.0
2017-08-16,,10224.0,0,0.0
2017-08-17,,10298.0,1,-39.0
2017-08-18,1.0,10259.0,3,10.0
2017-08-21,,10269.0,1,81.0
2017-08-22,,10350.0,1,11.0
2017-08-23,,10361.0,1,88.0
2017-08-24,,10449.0,1,38.0
2017-08-25,,10487.0,3,3.0
2017-08-28,-1.0,10490.0,1,-27.0
2017-08-29,1.0,10463.0,1,68.0
2017-08-30,,10531.0,1,20.0
2017-08-31,,10551.0,1,25.0
2017-09-01,-1.0,10576.0,3,-24.0
2017-09-04,1.0,10552.0,1,30.0
2017-09-05,-1.0,10582.0,1,-63.0
2017-09-06,,10519.0,1,-29.0
2017-09-07,1.0,10490.0,1,66.0
2017-09-08,,10556.0,3,9.0
2017-09-11,,10565.0,1,25.0
2017-09-12,-1.0,10590.0,1,-69.0
2017-09-13,1.0,10521.0,1,8.0
2017-09-14,,10529.0,1,37.0
2017-09-15,,10566.0,3,70.0
2017-09-18,-1.0,10636.0,1,-56.0
2017-09-19,,10580.0,1,-67.0
2017-09-20,,10513.0,0,0.0
2017-09-21,,10575.0,1,-142.0
2017-09-22,,10433.0,3,-100.0
2017-09-25,,10333.0,1,-69.0
2017-09-26,1.0,10264.0,1,55.0
2017-09-27,-1.0,10319.0,1,-20.0
2017-09-28,1.0,10299.0,1,22.0
2017-09-29,,10321.0,1,59.0
2017-09-30,,10380.0,2,69.0
2017-10-02,,10449.0,1,13.0
2017-10-03,,10462.0,2,43.0
2017-10-05,,10505.0,1,19.0
2017-10-06,,10524.0,5,109.0
2017-10-11,,10633.0,1,64.0
2017-10-12,,10697.0,1,14.0
2017-10-13,,10711.0,3,46.0
2017-10-16,-1.0,10757.0,1,-33.0
2017-10-17,,10724.0,1,-1.0
2017-10-18,,10723.0,0,0.0
2017-10-19,,10761.0,1,-29.0
2017-10-20,1.0,10732.0,3,4.0
2017-10-23,,10736.0,1,8.0
2017-10-24,-1.0,10744.0,1,-5.0
2017-10-25,,10739.0,1,-11.0
2017-10-26,,10728.0,1,-18.0
2017-10-27,1.0,10710.0,3,38.0
2017-10-30,,10748.0,1,35.0
2017-10-31,,10783.0,1,26.0
2017-11-01,-1.0,10809.0,1,-28.0
2017-11-02,1.0,10781.0,1,7.0
2017-11-03,-1.0,10788.0,3,-17.0
2017-11-06,1.0,10771.0,1,54.0
2017-11-07,-1.0,10825.0,1,-21.0
2017-11-08,,10804.0,1,-81.0
2017-11-09,1.0,10723.0,1,5.0
2017-11-10,-1.0,10728.0,3,-35.0
2017-11-13,,10693.0,1,-9.0
2017-11-14,,10684.0,1,-80.0
2017-11-15,,10604.0,0,0.0
2017-11-16,,10617.0,1,90.0
2017-11-17,-1.0,10707.0,3,-40.0
2017-11-20,1.0,10667.0,1,121.0
2017-11-21,,10788.0,1,39.0
2017-11-22,,10827.0,1,29.0
2017-11-23,-1.0,10856.0,1,0.0
2017-11-24,,10856.0,3,-106.0
2017-11-27,,10750.0,1,-42.0
2017-11-28,1.0,10708.0,1,21.0
2017-11-29,-1.0,10729.0,1,-155.0
2017-11-30,1.0,10574.0,1,30.0
2017-12-01,,10604.0,3,45.0
2017-12-04,-1.0,10649.0,1,-76.0
2017-12-05,,10573.0,1,-187.0
2017-12-06,,10386.0,1,-26.0
2017-12-07,1.0,10360.0,1,37.0
2017-12-08,,10397.0,3,82.0
2017-12-11,-1.0,10479.0,1,-47.0
2017-12-12,1.0,10432.0,1,17.0
2017-12-13,,10449.0,1,79.0
2017-12-14,-1.0,10528.0,1,-43.0
2017-12-15,1.0,10485.0,3,17.0
2017-12-18,-1.0,10502.0,1,-43.0
2017-12-19,1.0,10459.0,1,50.0
2017-12-20,,10509.0,0,0.0
2017-12-21,,10497.0,1,38.0
2017-12-22,-1.0,10535.0,3,-9.0
2017-12-25,,10526.0,1,-110.0
2017-12-26,1.0,10416.0,1,60.0
2017-12-27,,10476.0,1,86.0
2017-12-28,,10562.0,1,74.0
2017-12-29,,10636.0,4,73.0
2018-01-02,,10709.0,1,80.0
2018-01-03,,10789.0,1,48.0
2018-01-04,,10837.0,1,20.0
2018-01-05,,10857.0,3,29.0
2018-01-08,-1.0,10886.0,1,-5.0
2018-01-09,,10881.0,1,-72.0
2018-01-10,,10809.0,1,-8.0
2018-01-11,1.0,10801.0,1,75.0
2018-01-12,,10876.0,3,79.0
2018-01-15,,10955.0,1,28.0
2018-01-16,,10983.0,1,6.0
2018-01-17,,10989.0,0,0.0
2018-01-18,,11054.0,1,85.0
2018-01-19,,11139.0,3,83.0
2018-01-22,,11222.0,1,3.0
2018-01-23,-1.0,11225.0,1,-99.0
2018-01-24,1.0,11126.0,1,28.0
2018-01-25,-1.0,11154.0,1,-8.0
2018-01-26,1.0,11146.0,3,50.0
2018-01-29,-1.0,11196.0,1,-132.0
2018-01-30,1.0,11064.0,1,34.0
2018-01-31,,11098.0,1,62.0
2018-02-01,-1.0,11160.0,1,-44.0
2018-02-02,,11116.0,3,-188.0
2018-02-05,,10928.0,1,-529.0
2018-02-06,1.0,10399.0,1,118.0
2018-02-07,,10517.0,1,1.0
2018-02-08,-1.0,10518.0,1,-165.0
2018-02-09,1.0,10353.0,3,57.0
2018-02-12,,10410.0,9,275.0
2018-02-21,,10685.0,0,0.0
2018-02-22,,10626.0,1,155.0
2018-02-23,,10781.0,3,41.0
2018-02-26,-1.0,10822.0,1,-31.0
2018-02-27,,10791.0,2,-56.0
2018-03-01,,10735.0,1,-54.0
2018-03-02,,10681.0,3,-46.0
2018-03-05,1.0,10635.0,1,152.0
2018-03-06,-1.0,10787.0,1,-75.0
2018-03-07,1.0,10712.0,1,117.0
2018-03-08,,10829.0,1,36.0
2018-03-09,,10865.0,3,159.0
2018-03-12,,11024.0,1,76.0
2018-03-13,-1.0,11100.0,1,-69.0
2018-03-14,1.0,11031.0,1,10.0
2018-03-15,-1.0,11041.0,1,-23.0
2018-03-16,1.0,11018.0,3,10.0
2018-03-19,-1.0,11028.0,1,-16.0
2018-03-20,,11012.0,1,-6.0
2018-03-21,,11006.0,0,0.0
2018-03-22,,10989.0,1,-255.0
2018-03-23,1.0,10734.0,3,106.0
2018-03-26,,10840.0,1,149.0
2018-03-27,-1.0,10989.0,1,-169.0
2018-03-28,1.0,10820.0,1,20.0
2018-03-29,,10840.0,1,79.0
2018-03-30,,10919.0,1,7.0
2018-03-31,-1.0,10926.0,2,-61.0
2018-04-02,,10865.0,1,-81.0
2018-04-03,1.0,10784.0,6,120.0
2018-04-09,,10904.0,1,45.0
2018-04-10,,10949.0,1,30.0
2018-04-11,-1.0,10979.0,1,-36.0
2018-04-12,1.0,10943.0,1,12.0
2018-04-13,-1.0,10955.0,3,-12.0
2018-04-16,,10943.0,1,-137.0
2018-04-17,1.0,10806.0,1,40.0
2018-04-18,,10846.0,0,0.0
2018-04-19,,10969.0,1,-181.0
2018-04-20,,10788.0,3,-94.0
2018-04-23,,10694.0,1,-111.0
2018-04-24,,10583.0,1,-48.0
2018-04-25,,10535.0,1,-59.0
2018-04-26,1.0,10476.0,1,85.0
2018-04-27,,10561.0,3,94.0
2018-04-30,-1.0,10655.0,2,-46.0
2018-05-02,,10609.0,1,-103.0
2018-05-03,1.0,10506.0,1,17.0
2018-05-04,,10523.0,3,72.0
2018-05-07,,10595.0,1,74.0
2018-05-08,,10669.0,1,35.0
2018-05-09,,10704.0,1,59.0
2018-05-10,,10763.0,1,98.0
2018-05-11,,10861.0,3,97.0
2018-05-14,-1.0,10958.0,1,-89.0
2018-05-15,1.0,10869.0,1,13.0
2018-05-16,,10882.0,0,0.0
2018-05-17,,10826.0,1,-6.0
2018-05-18,1.0,10820.0,3,145.0
2018-05-21,-1.0,10965.0,1,-43.0
2018-05-22,,10922.0,1,-64.0
2018-05-23,1.0,10858.0,1,59.0
2018-05-24,,10917.0,1,15.0
2018-05-25,,10932.0,3,51.0
2018-05-28,-1.0,10983.0,1,-55.0
2018-05-29,,10928.0,1,-153.0
2018-05-30,1.0,10775.0,1,92.0
2018-05-31,,10867.0,1,48.0
2018-06-01,,10915.0,3,170.0
2018-06-04,-1.0,11085.0,1,-16.0
2018-06-05,1.0,11069.0,1,131.0
2018-06-06,,11200.0,1,27.0
2018-06-07,-1.0,11227.0,1,-102.0
2018-06-08,1.0,11125.0,3,3.0
2018-06-11,,11128.0,1,13.0
2018-06-12,,11141.0,1,5.0
2018-06-13,-1.0,11146.0,1,-161.0
2018-06-14,1.0,10985.0,1,70.0
2018-06-15,-1.0,11055.0,4,-181.0
2018-06-19,,10874.0,1,-134.0
2018-06-20,,10740.0,0,0.0
2018-06-21,,10706.0,1,-51.0
2018-06-22,,10655.0,3,-71.0
2018-06-25,1.0,10584.0,1,8.0
2018-06-26,-1.0,10592.0,1,-38.0
2018-06-27,,10554.0,1,-31.0
2018-06-28,1.0,10523.0,1,154.0
2018-06-29,-1.0,10677.0,3,-66.0
2018-07-02,1.0,10611.0,1,11.0
2018-07-03,-1.0,10622.0,1,-4.0
2018-07-04,,10618.0,1,-118.0
2018-07-05,1.0,10500.0,1,39.0
2018-07-06,,10539.0,3,122.0
2018-07-09,,10661.0,1,48.0
2018-07-10,-1.0,10709.0,1,-92.0
2018-07-11,1.0,10617.0,1,123.0
2018-07-12,,10740.0,1,108.0
2018-07-13,-1.0,10848.0,3,-33.0
2018-07-16,,10815.0,1,-47.0
2018-07-17,,10768.0,1,-51.0
2018-07-18,,10717.0,0,0.0
2018-07-19,,10721.0,1,103.0
2018-07-20,,10824.0,3,6.0
2018-07-23,,10830.0,1,41.0
2018-07-24,-1.0,10871.0,1,-6.0
2018-07-25,1.0,10865.0,1,50.0
2018-07-26,,10915.0,1,77.0
2018-07-27,-1.0,10992.0,3,-52.0
2018-07-30,1.0,10940.0,1,49.0
2018-07-31,,10989.0,1,58.0
2018-08-01,-1.0,11047.0,1,-176.0
2018-08-02,1.0,10871.0,1,99.0
2018-08-03,,10970.0,3,12.0
2018-08-06,-1.0,10982.0,1,-14.0
2018-08-07,1.0,10968.0,1,81.0
2018-08-08,-1.0,11049.0,1,-32.0
2018-08-09,,11017.0,1,-58.0
2018-08-10,,10959.0,3,-202.0
2018-08-13,1.0,10757.0,1,63.0
2018-08-14,-1.0,10820.0,1,-142.0
2018-08-15,,10678.0,0,0.0
2018-08-16,,10690.0,1,-28.0
2018-08-17,1.0,10662.0,3,9.0
2018-08-20,,10671.0,1,96.0
2018-08-21,-1.0,10767.0,1,-3.0
2018-08-22,1.0,10764.0,1,78.0
2018-08-23,-1.0,10842.0,1,-54.0
2018-08-24,1.0,10788.0,3,98.0
2018-08-27,,10886.0,1,68.0
2018-08-28,,10954.0,1,90.0
2018-08-29,-1.0,11044.0,1,-21.0
2018-08-30,,11023.0,1,-1.0
2018-08-31,,11022.0,3,-87.0
2018-09-03,1.0,10935.0,1,67.0
2018-09-04,-1.0,11002.0,1,-52.0
2018-09-05,,10950.0,1,-49.0
2018-09-06,,10901.0,1,-56.0
2018-09-07,,10845.0,3,-111.0
2018-09-10,1.0,10734.0,1,6.0
2018-09-11,-1.0,10740.0,1,-14.0
2018-09-12,,10726.0,1,-9.0
2018-09-13,1.0,10717.0,1,164.0
2018-09-14,-1.0,10881.0,3,-58.0
2018-09-17,,10823.0,1,-42.0
2018-09-18,1.0,10781.0,1,95.0
2018-09-19,,10876.0,0,0.0
2018-09-20,,10848.0,1,126.0
2018-09-21,,10974.0,4,7.0
2018-09-25,-1.0,10981.0,1,-9.0
2018-09-26,1.0,10972.0,1,10.0
2018-09-27,-1.0,10982.0,1,-27.0
2018-09-28,1.0,10955.0,3,51.0
2018-10-01,-1.0,11006.0,1,-127.0
2018-10-02,,10879.0,1,-23.0
2018-10-03,,10856.0,1,-162.0
2018-10-04,,10694.0,1,-188.0
2018-10-05,,10506.0,3,-45.0
2018-10-08,,10461.0,1,-1.0
2018-10-09,,10460.0,2,-818.0
2018-10-11,1.0,9642.0,1,306.0
2018-10-12,-1.0,9948.0,3,-88.0
2018-10-15,1.0,9860.0,1,91.0
2018-10-16,,9951.0,1,21.0
2018-10-17,,9972.0,0,0.0
2018-10-18,,9884.0,1,21.0
2018-10-19,,9905.0,3,30.0
2018-10-22,-1.0,9935.0,1,-207.0
2018-10-23,,9728.0,1,-13.0
2018-10-24,,9715.0,1,-229.0
2018-10-25,,9486.0,1,-62.0
2018-10-26,1.0,9424.0,3,49.0
2018-10-29,,9473.0,1,51.0
2018-10-30,,9524.0,1,200.0
2018-10-31,,9724.0,1,63.0
2018-11-01,,9787.0,1,87.0
2018-11-02,-1.0,9874.0,3,-57.0
2018-11-05,,9817.0,1,-43.0
2018-11-06,1.0,9774.0,1,74.0
2018-11-07,,9848.0,1,76.0
2018-11-08,-1.0,9924.0,1,-135.0
2018-11-09,1.0,9789.0,3,23.0
2018-11-12,-1.0,9812.0,1,-84.0
2018-11-13,1.0,9728.0,1,41.0
2018-11-14,,9769.0,1,58.0
2018-11-15,-1.0,9827.0,1,-44.0
2018-11-16,1.0,9783.0,3,36.0
2018-11-19,-1.0,9819.0,1,-87.0
2018-11-20,,9732.0,1,-3.0
2018-11-21,,9729.0,0,0.0
2018-11-22,,9714.0,1,-94.0
2018-11-23,1.0,9620.0,3,148.0
2018-11-26,-1.0,9768.0,1,-27.0
2018-11-27,1.0,9741.0,1,129.0
2018-11-28,,9870.0,1,7.0
2018-11-29,-1.0,9877.0,1,-24.0
2018-11-30,1.0,9853.0,3,269.0
2018-12-03,-1.0,10122.0,1,-80.0
2018-12-04,,10042.0,1,-164.0
2018-12-05,,9878.0,1,-204.0
2018-12-06,1.0,9674.0,1,72.0
2018-12-07,-1.0,9746.0,3,-120.0
2018-12-10,1.0,9626.0,1,61.0
2018-12-11,,9687.0,1,131.0
2018-12-12,,9818.0,1,38.0
2018-12-13,-1.0,9856.0,1,-126.0
2018-12-14,1.0,9730.0,3,60.0
2018-12-17,-1.0,9790.0,1,-72.0
2018-12-18,1.0,9718.0,1,32.0
2018-12-19,,9750.0,0,0.0
2018-12-20,,9641.0,1,19.0
2018-12-21,-1.0,9660.0,1,-75.0
2018-12-22,1.0,9585.0,2,35.0
2018-12-24,-1.0,9620.0,1,-143.0
2018-12-25,,9477.0,1,-18.0
2018-12-26,1.0,9459.0,1,174.0
2018-12-27,,9633.0,1,38.0
2018-12-28,-1.0,9671.0,5,-135.0
2019-01-02,,9536.0,1,-96.0
2019-01-03,,9440.0,1,-73.0
2019-01-04,1.0,9367.0,3,196.0
2019-01-07,-1.0,9563.0,1,-2.0
2019-01-08,1.0,9561.0,1,147.0
2019-01-09,-1.0,9708.0,1,-14.0
2019-01-10,1.0,9694.0,1,56.0
2019-01-11,-1.0,9750.0,3,-59.0
2019-01-14,1.0,9691.0,1,102.0
2019-01-15,-1.0,9793.0,1,-29.0
2019-01-16,,9764.0,0,0.0
2019-01-17,,9779.0,1,41.0
2019-01-18,,9820.0,3,46.0
2019-01-21,-1.0,9866.0,1,-19.0
2019-01-22,,9847.0,1,-29.0
2019-01-23,1.0,9818.0,1,45.0
2019-01-24,,9863.0,1,105.0
2019-01-25,,9968.0,3,17.0
2019-01-28,-1.0,9985.0,1,-62.0
2019-01-29,1.0,9923.0,1,3.0
2019-01-30,,9926.0,12,73.0
2019-02-11,,9999.0,1,85.0
2019-02-12,-1.0,10084.0,1,0.0
2019-02-13,,10084.0,1,-4.0
2019-02-14,,10080.0,1,-38.0
2019-02-15,1.0,10042.0,3,93.0
2019-02-18,,10135.0,1,7.0
2019-02-19,,10142.0,1,114.0
2019-02-20,,10256.0,0,0.0
